case_id,label,facts_errors_and_severity,naturalness_1_5,usefulness_1_5,structure_1_5,repetition_1_5,brief_style_1_5,important_facts_preserved,important_facts_expected,editing_minutes,fact_edits,expression_edits,paragraphs_added,paragraphs_removed,coverage_notes,paired_preference,reviewer
Q01,X,,,,,,,,,,,,,,,,
Q01,Y,,,,,,,,,,,,,,,,
Q02,X,,,,,,,,,,,,,,,,
Q02,Y,,,,,,,,,,,,,,,,
Q03,X,,,,,,,,,,,,,,,,
Q03,Y,,,,,,,,,,,,,,,,
Q06,X,,,,,,,,,,,,,,,,
Q06,Y,,,,,,,,,,,,,,,,
Q07,X,,,,,,,,,,,,,,,,
Q07,Y,,,,,,,,,,,,,,,,
Q08,X,,,,,,,,,,,,,,,,
Q08,Y,,,,,,,,,,,,,,,,
Q09,X,,,,,,,,,,,,,,,,
Q09,Y,,,,,,,,,,,,,,,,
Q12,X,,,,,,,,,,,,,,,,
Q12,Y,,,,,,,,,,,,,,,,
Q13,X,,,,,,,,,,,,,,,,
Q13,Y,,,,,,,,,,,,,,,,
Q14,X,,,,,,,,,,,,,,,,
Q14,Y,,,,,,,,,,,,,,,,
Q17,X,,,,,,,,,,,,,,,,
Q17,Y,,,,,,,,,,,,,,,,
Q18,X,,,,,,,,,,,,,,,,
Q18,Y,,,,,,,,,,,,,,,,
Q26,X,,,,,,,,,,,,,,,,
Q26,Y,,,,,,,,,,,,,,,,
Q27,X,,,,,,,,,,,,,,,,
Q27,Y,,,,,,,,,,,,,,,,
Q28,X,,,,,,,,,,,,,,,,
Q28,Y,,,,,,,,,,,,,,,,
Q29,X,,,,,,,,,,,,,,,,
Q29,Y,,,,,,,,,,,,,,,,
Q30,X,,,,,,,,,,,,,,,,
Q30,Y,,,,,,,,,,,,,,,,
Q31,X,,,,,,,,,,,,,,,,
Q31,Y,,,,,,,,,,,,,,,,
Q32,X,,,,,,,,,,,,,,,,
Q32,Y,,,,,,,,,,,,,,,,
Q33,X,,,,,,,,,,,,,,,,
Q33,Y,,,,,,,,,,,,,,,,
