case_id,label,bundle_sha256,reviewer,review_state,source_facts_confirmed,accuracy_gate,facts_errors_and_severity,important_fact_evidence,naturalness_1_5,usefulness_1_5,structure_1_5,repetition_1_5,brief_style_1_5,critical_errors,major_errors,minor_errors,important_facts_preserved,important_facts_expected,fact_edits,expression_edits,paragraphs_added,paragraphs_removed,editing_minutes,coverage_notes,preservation_notes,paired_preference
Q01,X,1a11ea1c16eb515a6cfe16e662872df611a2fc83ef5798011c8160c19005315c,,,,,,,,,,,,,,,,,,,,,,,,
Q01,Y,1a11ea1c16eb515a6cfe16e662872df611a2fc83ef5798011c8160c19005315c,,,,,,,,,,,,,,,,,,,,,,,,
Q02,X,1a11ea1c16eb515a6cfe16e662872df611a2fc83ef5798011c8160c19005315c,,,,,,,,,,,,,,,,,,,,,,,,
Q02,Y,1a11ea1c16eb515a6cfe16e662872df611a2fc83ef5798011c8160c19005315c,,,,,,,,,,,,,,,,,,,,,,,,
Q03,X,1a11ea1c16eb515a6cfe16e662872df611a2fc83ef5798011c8160c19005315c,,,,,,,,,,,,,,,,,,,,,,,,
Q03,Y,1a11ea1c16eb515a6cfe16e662872df611a2fc83ef5798011c8160c19005315c,,,,,,,,,,,,,,,,,,,,,,,,
Q06,X,1a11ea1c16eb515a6cfe16e662872df611a2fc83ef5798011c8160c19005315c,,,,,,,,,,,,,,,,,,,,,,,,
Q06,Y,1a11ea1c16eb515a6cfe16e662872df611a2fc83ef5798011c8160c19005315c,,,,,,,,,,,,,,,,,,,,,,,,
Q07,X,1a11ea1c16eb515a6cfe16e662872df611a2fc83ef5798011c8160c19005315c,,,,,,,,,,,,,,,,,,,,,,,,
Q07,Y,1a11ea1c16eb515a6cfe16e662872df611a2fc83ef5798011c8160c19005315c,,,,,,,,,,,,,,,,,,,,,,,,
Q08,X,1a11ea1c16eb515a6cfe16e662872df611a2fc83ef5798011c8160c19005315c,,,,,,,,,,,,,,,,,,,,,,,,
Q08,Y,1a11ea1c16eb515a6cfe16e662872df611a2fc83ef5798011c8160c19005315c,,,,,,,,,,,,,,,,,,,,,,,,
Q09,X,1a11ea1c16eb515a6cfe16e662872df611a2fc83ef5798011c8160c19005315c,,,,,,,,,,,,,,,,,,,,,,,,
Q09,Y,1a11ea1c16eb515a6cfe16e662872df611a2fc83ef5798011c8160c19005315c,,,,,,,,,,,,,,,,,,,,,,,,
Q12,X,1a11ea1c16eb515a6cfe16e662872df611a2fc83ef5798011c8160c19005315c,,,,,,,,,,,,,,,,,,,,,,,,
Q12,Y,1a11ea1c16eb515a6cfe16e662872df611a2fc83ef5798011c8160c19005315c,,,,,,,,,,,,,,,,,,,,,,,,
Q13,X,1a11ea1c16eb515a6cfe16e662872df611a2fc83ef5798011c8160c19005315c,,,,,,,,,,,,,,,,,,,,,,,,
Q13,Y,1a11ea1c16eb515a6cfe16e662872df611a2fc83ef5798011c8160c19005315c,,,,,,,,,,,,,,,,,,,,,,,,
Q14,X,1a11ea1c16eb515a6cfe16e662872df611a2fc83ef5798011c8160c19005315c,,,,,,,,,,,,,,,,,,,,,,,,
Q14,Y,1a11ea1c16eb515a6cfe16e662872df611a2fc83ef5798011c8160c19005315c,,,,,,,,,,,,,,,,,,,,,,,,
Q17,X,1a11ea1c16eb515a6cfe16e662872df611a2fc83ef5798011c8160c19005315c,,,,,,,,,,,,,,,,,,,,,,,,
Q17,Y,1a11ea1c16eb515a6cfe16e662872df611a2fc83ef5798011c8160c19005315c,,,,,,,,,,,,,,,,,,,,,,,,
Q18,X,1a11ea1c16eb515a6cfe16e662872df611a2fc83ef5798011c8160c19005315c,,,,,,,,,,,,,,,,,,,,,,,,
Q18,Y,1a11ea1c16eb515a6cfe16e662872df611a2fc83ef5798011c8160c19005315c,,,,,,,,,,,,,,,,,,,,,,,,
Q26,X,1a11ea1c16eb515a6cfe16e662872df611a2fc83ef5798011c8160c19005315c,,,,,,,,,,,,,,,,,,,,,,,,
Q26,Y,1a11ea1c16eb515a6cfe16e662872df611a2fc83ef5798011c8160c19005315c,,,,,,,,,,,,,,,,,,,,,,,,
Q27,X,1a11ea1c16eb515a6cfe16e662872df611a2fc83ef5798011c8160c19005315c,,,,,,,,,,,,,,,,,,,,,,,,
Q27,Y,1a11ea1c16eb515a6cfe16e662872df611a2fc83ef5798011c8160c19005315c,,,,,,,,,,,,,,,,,,,,,,,,
Q28,X,1a11ea1c16eb515a6cfe16e662872df611a2fc83ef5798011c8160c19005315c,,,,,,,,,,,,,,,,,,,,,,,,
Q28,Y,1a11ea1c16eb515a6cfe16e662872df611a2fc83ef5798011c8160c19005315c,,,,,,,,,,,,,,,,,,,,,,,,
Q29,X,1a11ea1c16eb515a6cfe16e662872df611a2fc83ef5798011c8160c19005315c,,,,,,,,,,,,,,,,,,,,,,,,
Q29,Y,1a11ea1c16eb515a6cfe16e662872df611a2fc83ef5798011c8160c19005315c,,,,,,,,,,,,,,,,,,,,,,,,
Q30,X,1a11ea1c16eb515a6cfe16e662872df611a2fc83ef5798011c8160c19005315c,,,,,,,,,,,,,,,,,,,,,,,,
Q30,Y,1a11ea1c16eb515a6cfe16e662872df611a2fc83ef5798011c8160c19005315c,,,,,,,,,,,,,,,,,,,,,,,,
Q31,X,1a11ea1c16eb515a6cfe16e662872df611a2fc83ef5798011c8160c19005315c,,,,,,,,,,,,,,,,,,,,,,,,
Q31,Y,1a11ea1c16eb515a6cfe16e662872df611a2fc83ef5798011c8160c19005315c,,,,,,,,,,,,,,,,,,,,,,,,
Q32,X,1a11ea1c16eb515a6cfe16e662872df611a2fc83ef5798011c8160c19005315c,,,,,,,,,,,,,,,,,,,,,,,,
Q32,Y,1a11ea1c16eb515a6cfe16e662872df611a2fc83ef5798011c8160c19005315c,,,,,,,,,,,,,,,,,,,,,,,,
Q33,X,1a11ea1c16eb515a6cfe16e662872df611a2fc83ef5798011c8160c19005315c,,,,,,,,,,,,,,,,,,,,,,,,
Q33,Y,1a11ea1c16eb515a6cfe16e662872df611a2fc83ef5798011c8160c19005315c,,,,,,,,,,,,,,,,,,,,,,,,
